TXT_CATEGORY_LEVEL_1,TXT_CATEGORY_LEVEL_2,TXT_CATEGORY_LEVEL_3,Pricing methodology 1,Pricing methodology 2,Pricing methodology 3,Contract methodology 1,Contract methodology 2,Contract methodology 3,Auctionable,Supplier market complexity
Directs,Chemicals including Bio Chemicals and Gas Materials,Chemicals including Bio Chemicals and Gas Materials,Index based pricing,Value based pricing ,Volume based pricing ,Framework agreement approach,Long term contract,Hedging,Yes,High
Directs,Chemicals including Bio Chemicals and Gas Materials,Compounds and mixtures,Index based pricing,Value based pricing ,Volume based pricing ,Framework agreement approach,Long term contract,Hedging,Yes,High
Directs,Chemicals including Bio Chemicals and Gas Materials,Noble gases,Index based pricing,Value based pricing ,Volume based pricing ,Framework agreement approach,Long term contract,Hedging,Yes,High
Directs,Directs,Directs,,,,,,,,
Directs,Electronic Components and Supplies,Automation control connectivity devices,Market based pricing,Fixed pricing,Cost plus model,Value engineering ,Framework agreement approach,Long term contract,Yes,High
Directs,Electronic Components and Supplies,Automation control devices and components and accessories,Market based pricing,Fixed pricing,Cost plus model,Value engineering ,Framework agreement approach,Long term contract,Yes,High
Directs,Electronic Components and Supplies,Circuit assemblies and radio frequency RF components,Market based pricing,Fixed pricing,Cost plus model,Value engineering ,Framework agreement approach,Long term contract,Yes,High
Directs,Electronic Components and Supplies,Electronic Components and Supplies,Market based pricing,Fixed pricing,Cost plus model,Value engineering ,Framework agreement approach,Long term contract,Yes,High
Directs,Electronic Components and Supplies,Integrated circuits,Market based pricing,Fixed pricing,Cost plus model,Value engineering ,Framework agreement approach,Long term contract,Yes,High
Directs,Industrial Manufacturing and Processing Machinery and Accessories,Assembly machines,Value based pricing,Fixed pricing,Market based pricing,Value engineering ,Performance based contracting,Framework agreement approach,No,High
Directs,Industrial Manufacturing and Processing Machinery and Accessories,Coating systems,Value based pricing,Fixed pricing,Market based pricing,Value engineering ,Performance based contracting,Framework agreement approach,No,High
Directs,Industrial Manufacturing and Processing Machinery and Accessories,Foundry machines and equipment and supplies,Value based pricing,Fixed pricing,Market based pricing,Value engineering ,Performance based contracting,Framework agreement approach,No,Low
Directs,Industrial Manufacturing and Processing Machinery and Accessories,Grinding and sanding and polishing equipment and supplies,Value based pricing,Fixed pricing,Market based pricing,Value engineering ,Performance based contracting,Framework agreement approach,No,Low
Directs,Industrial Manufacturing and Processing Machinery and Accessories,Industrial machine tools,Value based pricing,Fixed pricing,Market based pricing,Value engineering ,Performance based contracting,Framework agreement approach,No,Low
Directs,Industrial Manufacturing and Processing Machinery and Accessories,Industrial machinery components and accessories,Value based pricing,Fixed pricing,Market based pricing,Value engineering ,Performance based contracting,Framework agreement approach,No,Low
Directs,Industrial Manufacturing and Processing Machinery and Accessories,Industrial Manufacturing and Processing Machinery and Accessories,Value based pricing,Fixed pricing,Market based pricing,Value engineering ,Performance based contracting,Framework agreement approach,No,Low
Directs,Industrial Manufacturing and Processing Machinery and Accessories,Industrial process machinery and equipment and supplies,Value based pricing,Fixed pricing,Market based pricing,Value engineering ,Performance based contracting,Framework agreement approach,No,Low
Directs,Industrial Manufacturing and Processing Machinery and Accessories,Machinery for working wood and stone and ceramic and the like,Value based pricing,Fixed pricing,Market based pricing,Value engineering ,Performance based contracting,Framework agreement approach,No,Low
Directs,Industrial Manufacturing and Processing Machinery and Accessories,Manufacturing tables and stands,Value based pricing,Fixed pricing,Market based pricing,Value engineering ,Performance based contracting,Framework agreement approach,No,Low
Directs,Industrial Manufacturing and Processing Machinery and Accessories,Mechanical surface treatment machines,Value based pricing,Fixed pricing,Market based pricing,Value engineering ,Performance based contracting,Framework agreement approach,No,Low
Directs,Industrial Manufacturing and Processing Machinery and Accessories,Metal cutting machine attachments,Value based pricing,Fixed pricing,Market based pricing,Value engineering ,Performance based contracting,Framework agreement approach,No,Low
Directs,Industrial Manufacturing and Processing Machinery and Accessories,Metal cutting machinery and accessories,Value based pricing,Fixed pricing,Market based pricing,Value engineering ,Performance based contracting,Framework agreement approach,No,Low
Directs,Industrial Manufacturing and Processing Machinery and Accessories,Metal cutting machines,Value based pricing,Fixed pricing,Market based pricing,Value engineering ,Performance based contracting,Framework agreement approach,No,Low
Directs,Industrial Manufacturing and Processing Machinery and Accessories,Metal cutting tools,Value based pricing,Fixed pricing,Market based pricing,Value engineering ,Performance based contracting,Framework agreement approach,No,Low
Directs,Industrial Manufacturing and Processing Machinery and Accessories,Metal forming dies and tooling,Value based pricing,Fixed pricing,Market based pricing,Value engineering ,Performance based contracting,Framework agreement approach,No,Low
Directs,Industrial Manufacturing and Processing Machinery and Accessories,Metal forming machinery and accessories,Value based pricing,Fixed pricing,Market based pricing,Value engineering ,Performance based contracting,Framework agreement approach,No,Low
Directs,Industrial Manufacturing and Processing Machinery and Accessories,Metal rolling machines,Value based pricing,Fixed pricing,Market based pricing,Value engineering ,Performance based contracting,Framework agreement approach,No,Low
Directs,Industrial Manufacturing and Processing Machinery and Accessories,Rubber and plastic processing machinery and equipment and supplies,Value based pricing,Fixed pricing,Market based pricing,Value engineering ,Performance based contracting,Framework agreement approach,No,Low
Directs,Industrial Manufacturing and Processing Machinery and Accessories,Separation machinery and equipment,Value based pricing,Fixed pricing,Market based pricing,Value engineering ,Performance based contracting,Framework agreement approach,No,Low
Directs,Industrial Manufacturing and Processing Machinery and Accessories,Textile and fabric machinery and accessories,Value based pricing,Fixed pricing,Market based pricing,Value engineering ,Performance based contracting,Framework agreement approach,No,Low
Directs,Industrial Manufacturing and Processing Machinery and Accessories,Welding and soldering and brazing accessories,Value based pricing,Fixed pricing,Market based pricing,Value engineering ,Performance based contracting,Framework agreement approach,No,Low
Directs,Industrial Manufacturing and Processing Machinery and Accessories,Welding and soldering and brazing machinery and accessories and supplies,Value based pricing,Fixed pricing,Market based pricing,Value engineering ,Performance based contracting,Framework agreement approach,No,Low
Directs,Industrial Manufacturing and Processing Machinery and Accessories,Welding and soldering and brazing supplies,Value based pricing,Fixed pricing,Market based pricing,Value engineering ,Performance based contracting,Framework agreement approach,No,Low
Directs,Industrial Manufacturing and Processing Machinery and Accessories,Welding machinery,Value based pricing,Fixed pricing,Market based pricing,Value engineering ,Performance based contracting,Framework agreement approach,No,Low
Directs,Manufacturing Components and Supplies,Acoustical or noise control housings or enclosures,Market based pricing,Fixed pricing,Cost plus model,Value engineering ,Framework agreement approach,Long term contract,No,Low
Directs,Manufacturing Components and Supplies,Actuators,Market based pricing,Fixed pricing,Cost plus model,Value engineering ,Framework agreement approach,Long term contract,No,Low
Directs,Manufacturing Components and Supplies,Adhesives,Value based pricing,Fixed pricing,Volume based pricing ,Framework agreement approach,Long term contract,Indefinite delivery,Yes,Low
Directs,Manufacturing Components and Supplies,Adhesives and sealants,Value based pricing,Fixed pricing,Volume based pricing ,Framework agreement approach,Long term contract,Indefinite delivery,Yes,Low
Directs,Manufacturing Components and Supplies,Bearings,Market based pricing,Index based pricing,Cost plus model,Framework agreement approach,Long term contract,Indefinite delivery,No,Low
Directs,Manufacturing Components and Supplies,Bearings and bushings and wheels and gears,Market based pricing,Index based pricing,Cost plus model,Framework agreement approach,Long term contract,Indefinite delivery,No,Low
Directs,Manufacturing Components and Supplies,Bolts,Volume based pricing ,Market based pricing,Index based pricing,Framework agreement approach,Long term contract,Indefinite delivery,Yes,Low
Directs,Manufacturing Components and Supplies,Bonded tube assemblies,Value based pricing,Market based pricing,Index based pricing,Value engineering ,Framework agreement approach,Long term contract,No,Low
Directs,Manufacturing Components and Supplies,Castings and casting assemblies,Value based pricing,Market based pricing,Index based pricing,Value engineering ,Performance based contracting,Framework agreement approach,No,Low
Directs,Manufacturing Components and Supplies,Connectors,Market based pricing,Fixed pricing,Cost plus model,Value engineering ,Performance based contracting,Framework agreement approach,No,Low
Directs,Manufacturing Components and Supplies,Fabricated plate assemblies,Index based pricing,Market based pricing,Cost plus model,Value engineering ,Performance based contracting,Framework agreement approach,Yes,High
Directs,Manufacturing Components and Supplies,Fabricated sheet assemblies,Index based pricing,Market based pricing,Cost plus model,Value engineering ,Performance based contracting,Framework agreement approach,Yes,High
Directs,Manufacturing Components and Supplies,Fabricated tube assemblies,Market based pricing,Index based pricing,Cost plus model,Value engineering ,Performance based contracting,Framework agreement approach,No,High
Directs,Manufacturing Components and Supplies,Forgings,Index based pricing,Market based pricing,Cost plus model,Value engineering ,Performance based contracting,Framework agreement approach,No,Low
Directs,Manufacturing Components and Supplies,Gaskets,Volume based pricing ,Market based pricing,Index based pricing,Framework agreement approach,Short term contrct,Indefinite delivery,Yes,Low
Directs,Manufacturing Components and Supplies,Gears,Volume based pricing ,Market based pricing,Index based pricing,Framework agreement approach,Short term contrct,Indefinite delivery,No,Low
Directs,Manufacturing Components and Supplies,Hardware,Volume based pricing ,Market based pricing,Index based pricing,Value engineering ,Framework agreement approach,Long term contract,No,High
Directs,Manufacturing Components and Supplies,Injection moldings,Index based pricing,Market based pricing,Cost plus model,Value engineering ,Performance based contracting,Framework agreement approach,No,Low
Directs,Manufacturing Components and Supplies,Machine made parts,Index based pricing,Market based pricing,Cost plus model,Value engineering ,Performance based contracting,Framework agreement approach,No,Low
Directs,Manufacturing Components and Supplies,Machinings,Index based pricing,Market based pricing,Cost plus model,Value engineering ,Performance based contracting,Framework agreement approach,No,Low
Directs,Manufacturing Components and Supplies,Magnets and magnetic materials,Index based pricing,Market based pricing,Cost plus model,Framework agreement approach,Long term contract,Hedging,No,Low
Directs,Manufacturing Components and Supplies,Manufacturing Components and Supplies,Index based pricing,Market based pricing,Cost plus model,Value engineering ,Performance based contracting,Framework agreement approach,No,Low
Directs,Manufacturing Components and Supplies,Miscellaneous fasteners,Volume based pricing ,Market based pricing,Index based pricing,Framework agreement approach,Short term contrct,Indefinite delivery,Yes,Low
Directs,Manufacturing Components and Supplies,Miscellaneous finishes,Volume based pricing ,Market based pricing,Index based pricing,Framework agreement approach,Short term contrct,Indefinite delivery,No,Low
Directs,Manufacturing Components and Supplies,Molded gaskets,Volume based pricing ,Market based pricing,Index based pricing,Framework agreement approach,Short term contrct,Indefinite delivery,No,Low
Directs,Manufacturing Components and Supplies,Moldings,Index based pricing,Market based pricing,Cost plus model,Framework agreement approach,Short term contrct,Indefinite delivery,No,Low
Directs,Manufacturing Components and Supplies,Mounting hardware,Market based pricing,Fixed pricing,Cost plus model,Value engineering ,Framework agreement approach,Long term contract,No,Low
Directs,Manufacturing Components and Supplies,Non electric iron and steel wire,Index based pricing,Market based pricing,Volume based pricing ,Framework agreement approach,Short term contrct,Indefinite delivery,No,Low
Directs,Manufacturing Components and Supplies,Nuts,Volume based pricing ,Market based pricing,Index based pricing,Framework agreement approach,Short term contrct,Indefinite delivery,Yes,Low
Directs,Manufacturing Components and Supplies,Optical blanks,Volume based pricing ,Market based pricing,Index based pricing,Framework agreement approach,Short term contrct,Indefinite delivery,No,Low
Directs,Manufacturing Components and Supplies,Paints and primers,Market based pricing,Index based pricing,Volume based pricing ,Framework agreement approach,Short term contrct,,No,Low
Directs,Manufacturing Components and Supplies,Paints and primers and finishes,Market based pricing,Index based pricing,Volume based pricing ,Framework agreement approach,Short term contrct,,No,Low
Directs,Manufacturing Components and Supplies,Pneumatic and hydraulic and electric control systems,Market based pricing,Fixed pricing,Cost plus model,Value engineering ,Framework agreement approach,Long term contract,No,Low
Directs,Manufacturing Components and Supplies,Powdered metal components,Volume based pricing ,Market based pricing,Fixed pricing,Framework agreement approach,Short term contrct,Indefinite delivery,No,Low
Directs,Manufacturing Components and Supplies,Rope and chain and cable and wire and strap,Volume based pricing ,Market based pricing,Fixed pricing,Framework agreement approach,Short term contrct,Indefinite delivery,No,Low
Directs,Manufacturing Components and Supplies,Screws,Volume based pricing ,Market based pricing,Fixed pricing,Framework agreement approach,Short term contrct,Indefinite delivery,Yes,Low
Directs,Manufacturing Components and Supplies,Sealants,Volume based pricing ,Market based pricing,Fixed pricing,Framework agreement approach,Short term contrct,Indefinite delivery,Yes,Low
Directs,Manufacturing Components and Supplies,Seals,Volume based pricing ,Market based pricing,Fixed pricing,Framework agreement approach,Short term contrct,Indefinite delivery,No,Low
Directs,Manufacturing Components and Supplies,Springs,Volume based pricing ,Market based pricing,Fixed pricing,Framework agreement approach,Short term contrct,Indefinite delivery,No,Low
Directs,Manufacturing Components and Supplies,Stamped components,Volume based pricing ,Market based pricing,Fixed pricing,Framework agreement approach,Short term contrct,Indefinite delivery,No,Low
Directs,Manufacturing Components and Supplies,Stampings and sheet components,Volume based pricing ,Market based pricing,Fixed pricing,Framework agreement approach,Short term contrct,Indefinite delivery,No,Low
Directs,Manufacturing Components and Supplies,Washers,Volume based pricing ,Market based pricing,Fixed pricing,Framework agreement approach,Short term contrct,Indefinite delivery,Yes,Low
Directs,Mineral and Textile and Inedible Plant and Animal Materials,Alloys,Index based pricing,Market based pricing,Escalation clause,Framework agreement approach,Long term contract,Hedging,No,High
Directs,Mineral and Textile and Inedible Plant and Animal Materials,Aluminum based alloys,Index based pricing,Market based pricing,Escalation clause,Framework agreement approach,Long term contract,Hedging,No,High
Directs,Mineral and Textile and Inedible Plant and Animal Materials,Base Metals,Index based pricing,Market based pricing,Escalation clause,Framework agreement approach,Long term contract,Hedging,No,Low
Directs,Mineral and Textile and Inedible Plant and Animal Materials,Engineered wood products,Market based pricing,Value based pricing ,Fixed pricing,Framework agreement approach,Long term contract,Hedging,No,Low
Directs,Mineral and Textile and Inedible Plant and Animal Materials,Fibers,Market based pricing,Value based pricing ,Fixed pricing,Framework agreement approach,Long term contract,Hedging,No,Low
Directs,Mineral and Textile and Inedible Plant and Animal Materials,Minerals,Market based pricing,Value based pricing ,Fixed pricing,Framework agreement approach,Long term contract,Hedging,No,Low
Directs,Mineral and Textile and Inedible Plant and Animal Materials,Minerals and ores and metals,Index based pricing,Market based pricing,Escalation clause,Framework agreement approach,Long term contract,Hedging,No,Low
Directs,Mineral and Textile and Inedible Plant and Animal Materials,Non edible plant and forestry products,Market based pricing,Value based pricing ,Fixed pricing,Framework agreement approach,Long term contract,Hedging,No,Low
Directs,Mineral and Textile and Inedible Plant and Animal Materials,Nonwoven fabrics,Market based pricing,Value based pricing ,Fixed pricing,Framework agreement approach,Long term contract,Hedging,No,Low
Directs,Mineral and Textile and Inedible Plant and Animal Materials,Ores,Index based pricing,Market based pricing,Escalation clause,Framework agreement approach,Long term contract,Hedging,No,High
Directs,Mineral and Textile and Inedible Plant and Animal Materials,Specialty fabrics or cloth,Market based pricing,Value based pricing ,Fixed pricing,Framework agreement approach,Long term contract,Hedging,No,Low
Directs,Mineral and Textile and Inedible Plant and Animal Materials,Stainless steel alloys,Index based pricing,Market based pricing,Escalation clause,Framework agreement approach,Long term contract,Hedging,No,High
Directs,Mineral and Textile and Inedible Plant and Animal Materials,Synthetic fabrics,Market based pricing,Value based pricing ,Fixed pricing,Framework agreement approach,Long term contract,Hedging,No,Low
Directs,Mineral and Textile and Inedible Plant and Animal Materials,Yarns,Market based pricing,Value based pricing ,Fixed pricing,Framework agreement approach,Long term contract,Hedging,No,Low
Directs,Resin and Rosin and Rubber and Foam and Film and Elastomeric Materials,Elastomers,Market based pricing,Value based pricing ,Fixed pricing,Framework agreement approach,Long term contract,Hedging,No,High
Directs,Resin and Rosin and Rubber and Foam and Film and Elastomeric Materials,Plastic films,Index based pricing,Market based pricing,Escalation clause,Framework agreement approach,Long term contract,Hedging,No,High
Directs,Resin and Rosin and Rubber and Foam and Film and Elastomeric Materials,Processed and synthetic rubber,Market based pricing,Value based pricing ,Fixed pricing,Framework agreement approach,Long term contract,Hedging,No,High
Directs,Resin and Rosin and Rubber and Foam and Film and Elastomeric Materials,Resin and Rosin and Rubber and Foam and Film and Elastomeric Materials,Index based pricing,Market based pricing,Escalation clause,Framework agreement approach,Long term contract,Hedging,No,High
Directs,Resin and Rosin and Rubber and Foam and Film and Elastomeric Materials,Resins,Index based pricing,Market based pricing,Escalation clause,Framework agreement approach,Long term contract,Hedging,No,High
Directs,Resin and Rosin and Rubber and Foam and Film and Elastomeric Materials,Thermoplastic plastics,Index based pricing,Market based pricing,Escalation clause,Framework agreement approach,Long term contract,Hedging,No,High
Directs,Resin and Rosin and Rubber and Foam and Film and Elastomeric Materials,Thermoset plastics,Index based pricing,Market based pricing,Escalation clause,Framework agreement approach,Long term contract,Hedging,No,High
Directs,Structures and Building and Construction and Manufacturing Components and Supplies,Aluminum bars,Index based pricing,Market based pricing,Escalation clause,Framework agreement approach,Long term contract,Hedging,No,High
Directs,Structures and Building and Construction and Manufacturing Components and Supplies,Aluminum coil,Index based pricing,Market based pricing,Escalation clause,Framework agreement approach,Long term contract,Hedging,No,High
Directs,Structures and Building and Construction and Manufacturing Components and Supplies,Aluminum sheets,Index based pricing,Market based pricing,Escalation clause,Framework agreement approach,Long term contract,Hedging,No,High
Directs,Structures and Building and Construction and Manufacturing Components and Supplies,Aluminum strips and ingots,Index based pricing,Market based pricing,Escalation clause,Framework agreement approach,Long term contract,Hedging,No,High
Directs,Structures and Building and Construction and Manufacturing Components and Supplies,Beams,Index based pricing,Market based pricing,Escalation clause,Framework agreement approach,Long term contract,Hedging,No,Low
Directs,Structures and Building and Construction and Manufacturing Components and Supplies,Brass sheets,Index based pricing,Market based pricing,Escalation clause,Framework agreement approach,Long term contract,Hedging,No,Low
Directs,Structures and Building and Construction and Manufacturing Components and Supplies,Carbon steel sheets,Index based pricing,Market based pricing,Escalation clause,Framework agreement approach,Long term contract,Hedging,No,High
Directs,Structures and Building and Construction and Manufacturing Components and Supplies,Copper bars,Index based pricing,Market based pricing,Escalation clause,Framework agreement approach,Long term contract,Hedging,No,High
Directs,Structures and Building and Construction and Manufacturing Components and Supplies,Copper ingots strip billets and coil,Index based pricing,Market based pricing,Escalation clause,Framework agreement approach,Long term contract,Hedging,No,High
Directs,Structures and Building and Construction and Manufacturing Components and Supplies,"Faucet and shower heads, jets and parts and accessories",Value based pricing,Fixed pricing,Volume based pricing ,Framework agreement approach,Long term contract,Indefinite delivery,No,Low
Directs,Structures and Building and Construction and Manufacturing Components and Supplies,Flooring,Value based pricing,Fixed pricing,Volume based pricing ,Framework agreement approach,Short term contrct,Indefinite delivery,No,Low
Directs,Structures and Building and Construction and Manufacturing Components and Supplies,Foil,Fixed pricing,Market based pricing,Volume based pricing ,Framework agreement approach,Short term contrct,Indefinite delivery,No,Low
Directs,Structures and Building and Construction and Manufacturing Components and Supplies,Glass products,Fixed pricing,Market based pricing,Volume based pricing ,Framework agreement approach,Short term contrct,Indefinite delivery,No,Low
Directs,Structures and Building and Construction and Manufacturing Components and Supplies,Grating,Fixed pricing,Market based pricing,Volume based pricing ,Framework agreement approach,Short term contrct,Indefinite delivery,No,Low
Directs,Structures and Building and Construction and Manufacturing Components and Supplies,Insulation,Volume based pricing ,Market based pricing,Fixed pricing,Framework agreement approach,Short term contrct,Indefinite delivery,No,Low
Directs,Structures and Building and Construction and Manufacturing Components and Supplies,Insulation sealing layers,Volume based pricing ,Market based pricing,Fixed pricing,Framework agreement approach,Short term contrct,Indefinite delivery,No,Low
Directs,Structures and Building and Construction and Manufacturing Components and Supplies,Nickel sheets and ingots,Index based pricing,Market based pricing,Escalation clause,Framework agreement approach,Short term contrct,Indefinite delivery,No,Low
Directs,Structures and Building and Construction and Manufacturing Components and Supplies,Plate,Volume based pricing ,Market based pricing,Fixed pricing,Framework agreement approach,Short term contrct,Indefinite delivery,No,Low
Directs,Structures and Building and Construction and Manufacturing Components and Supplies,Plumbing fixtures,Volume based pricing ,Market based pricing,Fixed pricing,Framework agreement approach,Short term contrct,Indefinite delivery,No,Low
Directs,Structures and Building and Construction and Manufacturing Components and Supplies,Profiles,Volume based pricing ,Market based pricing,Fixed pricing,Framework agreement approach,Short term contrct,Indefinite delivery,No,Low
Directs,Structures and Building and Construction and Manufacturing Components and Supplies,Rod,Volume based pricing ,Market based pricing,Fixed pricing,Framework agreement approach,Short term contrct,Indefinite delivery,No,Low
Directs,Structures and Building and Construction and Manufacturing Components and Supplies,Specialty insulation,Volume based pricing ,Market based pricing,Fixed pricing,Framework agreement approach,Short term contrct,Indefinite delivery,No,Low
Directs,Structures and Building and Construction and Manufacturing Components and Supplies,Specialty steel coils,Index based pricing,Market based pricing,Escalation clause,Framework agreement approach,Long term contract,Hedging,Yes,Low
Directs,Structures and Building and Construction and Manufacturing Components and Supplies,Stainless steel bars,Index based pricing,Market based pricing,Escalation clause,Framework agreement approach,Long term contract,Hedging,Yes,Low
Directs,Structures and Building and Construction and Manufacturing Components and Supplies,Stainless steel sheets,Index based pricing,Market based pricing,Escalation clause,Framework agreement approach,Long term contract,Hedging,Yes,Low
Directs,Structures and Building and Construction and Manufacturing Components and Supplies,Stainless steel strips,Index based pricing,Market based pricing,Escalation clause,Framework agreement approach,Long term contract,Hedging,Yes,Low
Directs,Structures and Building and Construction and Manufacturing Components and Supplies,Steel alloy sheets,Index based pricing,Market based pricing,Escalation clause,Framework agreement approach,Long term contract,Hedging,Yes,Low
Directs,Structures and Building and Construction and Manufacturing Components and Supplies,Structural components and basic shapes,Volume based pricing ,Market based pricing,Fixed pricing,Framework agreement approach,Long term contract,Hedging,No,Low
Directs,Structures and Building and Construction and Manufacturing Components and Supplies,Structural materials,Volume based pricing ,Market based pricing,Fixed pricing,Framework agreement approach,Long term contract,Hedging,No,Low
Directs,Structures and Building and Construction and Manufacturing Components and Supplies,Structural products,Volume based pricing ,Market based pricing,Fixed pricing,Framework agreement approach,Long term contract,Hedging,No,Low
Directs,Structures and Building and Construction and Manufacturing Components and Supplies,Structures and Building and Construction and Manufacturing Components and Supplies,Volume based pricing ,Market based pricing,Fixed pricing,Framework agreement approach,Long term contract,Hedging,No,Low
Directs,Structures and Building and Construction and Manufacturing Components and Supplies,Tin sheet,Index based pricing,Market based pricing,Escalation clause,Framework agreement approach,Long term contract,Hedging,No,Low
Directs,Structures and Building and Construction and Manufacturing Components and Supplies,Titanium bars and sheets,Index based pricing,Market based pricing,Escalation clause,Framework agreement approach,Long term contract,Hedging,No,Low
Directs,Structures and Building and Construction and Manufacturing Components and Supplies,Underground roof support structures,Volume based pricing ,Market based pricing,Fixed pricing,Framework agreement approach,Long term contract,Hedging,No,Low
Indirects,Corporate Services,Corporate Services,Value based pricing,Cost plus model,Market based pricing,Performance based contracting,Framework agreement approach,Joint ventures / partnerships,Yes,Low
Indirects,Facilities Management,Building Maintenance/Construction/Fix Services,Value based pricing,Cost plus model,Market based pricing,Performance based contracting,Framework agreement approach,Joint ventures / partnerships,Yes,Low
Indirects,Facilities Management,Carpentry Services,Value based pricing,Cost plus model,Market based pricing,Performance based contracting,Framework agreement approach,Joint ventures / partnerships,Yes,Low
Indirects,Facilities Management,Cleaning,Value based pricing,Cost plus model,Market based pricing,Performance based contracting,Framework agreement approach,Joint ventures / partnerships,Yes,Low
Indirects,Facilities Management,"Copying, Printing, Scanning",Value based pricing,Cost plus model,Market based pricing,Performance based contracting,Framework agreement approach,Joint ventures / partnerships,Yes,Low
Indirects,Facilities Management,Electrical Services,Value based pricing,Cost plus model,Market based pricing,Performance based contracting,Framework agreement approach,Joint ventures / partnerships,Yes,Low
Indirects,Facilities Management,Facilities Management,Value based pricing,Cost plus model,Market based pricing,Performance based contracting,Framework agreement approach,Joint ventures / partnerships,Yes,Low
Indirects,Facilities Management,Fire And Safety Services,Value based pricing,Cost plus model,Market based pricing,Performance based contracting,Framework agreement approach,Joint ventures / partnerships,Yes,Low
Indirects,Facilities Management,Guarding & Security Services,Value based pricing,Cost plus model,Market based pricing,Performance based contracting,Framework agreement approach,Joint ventures / partnerships,Yes,Low
Indirects,Facilities Management,HVAC Services,Value based pricing,Cost plus model,Market based pricing,Performance based contracting,Framework agreement approach,Joint ventures / partnerships,Yes,Low
Indirects,Facilities Management,Industrial Cleaning,Value based pricing,Cost plus model,Market based pricing,Performance based contracting,Framework agreement approach,Joint ventures / partnerships,Yes,Low
Indirects,Facilities Management,Lighting,Value based pricing,Cost plus model,Market based pricing,Performance based contracting,Framework agreement approach,Joint ventures / partnerships,Yes,Low
Indirects,Facilities Management,Office Cleaning (Incl Trash Removal),Value based pricing,Cost plus model,Market based pricing,Performance based contracting,Framework agreement approach,Joint ventures / partnerships,Yes,Low
Indirects,Facilities Management,Office Furniture,Value based pricing,Cost plus model,Market based pricing,Performance based contracting,Framework agreement approach,Joint ventures / partnerships,Yes,Low
Indirects,Facilities Management,Office Supplies,Value based pricing,Cost plus model,Market based pricing,Performance based contracting,Framework agreement approach,Joint ventures / partnerships,Yes,Low
Indirects,Facilities Management,Security Equipment,Value based pricing,Cost plus model,Market based pricing,Performance based contracting,Framework agreement approach,Joint ventures / partnerships,Yes,Low
Indirects,Facilities Management,Technical Building Maintenance,Value based pricing,Cost plus model,Market based pricing,Performance based contracting,Framework agreement approach,Joint ventures / partnerships,Yes,Low
Indirects,Facilities Management,Z-Other Cleaning,Value based pricing,Cost plus model,Market based pricing,Performance based contracting,Framework agreement approach,Joint ventures / partnerships,Yes,Low
Indirects,Facilities Management,Z-Other Office Equipment,Value based pricing,Cost plus model,Market based pricing,Performance based contracting,Framework agreement approach,Joint ventures / partnerships,Yes,Low
Indirects,HR Services,Recruiting Services,Value based pricing,Cost plus model,Market based pricing,Performance based contracting,Framework agreement approach,Joint ventures / partnerships,Yes,Low
Indirects,HR Services,Training And Development,Value based pricing,Cost plus model,Market based pricing,Performance based contracting,Framework agreement approach,Joint ventures / partnerships,Yes,Low
Indirects,Indirects,Indirects,,,,,,,Yes,Low
Indirects,IT/ Telecom,Application Services,Value based pricing,Cost plus model,Market based pricing,Performance based contracting,Framework agreement approach,Joint ventures / partnerships,Yes,Low
Indirects,IT/ Telecom,End User Devices - Desktops/ Laptops/Notebook,Value based pricing,Cost plus model,Market based pricing,Performance based contracting,Framework agreement approach,Joint ventures / partnerships,Yes,Low
Indirects,IT/ Telecom,IT Hardware,Value based pricing,Cost plus model,Market based pricing,Performance based contracting,Framework agreement approach,Joint ventures / partnerships,Yes,Low
Indirects,IT/ Telecom,IT Services,Value based pricing,Cost plus model,Market based pricing,Performance based contracting,Framework agreement approach,Joint ventures / partnerships,Yes,Low
Indirects,IT/ Telecom,IT Software,Value based pricing,Cost plus model,Market based pricing,Performance based contracting,Framework agreement approach,Joint ventures / partnerships,Yes,High
Indirects,IT/ Telecom,IT/ Telecom,Value based pricing,Cost plus model,Market based pricing,Performance based contracting,Framework agreement approach,Joint ventures / partnerships,Yes,Low
Indirects,IT/ Telecom,Telecom,Value based pricing,Cost plus model,Market based pricing,Performance based contracting,Framework agreement approach,Joint ventures / partnerships,Yes,Low
Indirects,IT/ Telecom,Z-Other Telecom,Value based pricing,Cost plus model,Market based pricing,Performance based contracting,Framework agreement approach,Joint ventures / partnerships,Yes,Low
Indirects,Leasing,Equipment Leasing,Value based pricing,Market based pricing,Fixed pricing,Framework agreement approach,Long term contract,,Yes,Low
Indirects,Leasing,Machinery Leasing,Value based pricing,Market based pricing,Fixed pricing,Framework agreement approach,Long term contract,,Yes,Low
Indirects,Logistics,Air Freight,Fixed pricing,Market based pricing,Unit price,Framework agreement approach,Performance based contracting,Long term contract,Yes,Low
Indirects,Logistics,Co-Packing,Fixed pricing,Market based pricing,Unit price,Framework agreement approach,Performance based contracting,Long term contract,Yes,Low
Indirects,Logistics,Logistics,Fixed pricing,Market based pricing,Unit price,Framework agreement approach,Performance based contracting,Long term contract,Yes,Low
Indirects,Logistics,Ocean Freight,Fixed pricing,Market based pricing,Unit price,Framework agreement approach,Performance based contracting,Long term contract,Yes,Low
Indirects,Logistics,Road Freight,Fixed pricing,Market based pricing,Unit price,Framework agreement approach,Performance based contracting,Long term contract,Yes,Low
Indirects,Logistics,Transport Services / Admin,Fixed pricing,Market based pricing,Unit price,Framework agreement approach,Performance based contracting,Long term contract,Yes,Low
Indirects,Logistics,Warehousing,Fixed pricing,Market based pricing,Unit price,Framework agreement approach,Performance based contracting,Long term contract,Yes,Low
Indirects,Machine & Equipment,Machine & Equipment,Value based pricing,Market based pricing,Fixed pricing,Value engineering ,Performance based contracting,Framework agreement approach,No,Low
Indirects,Machine & Equipment,Z-Other Machine & Equipment,Value based pricing,Market based pricing,Fixed pricing,Value engineering ,Performance based contracting,Framework agreement approach,No,Low
Indirects,Marketing And Sales,Agency Fees,Value based pricing,Cost plus model,Market based pricing,Performance based contracting,Framework agreement approach,Long term contract,Yes,Low
Indirects,Marketing And Sales,Marketing And Sales,Value based pricing,Cost plus model,Market based pricing,Performance based contracting,Framework agreement approach,Long term contract,Yes,Low
Indirects,Marketing And Sales,Z-Other Marketing Working Spend,Value based pricing,Cost plus model,Market based pricing,Performance based contracting,Framework agreement approach,Long term contract,Yes,Low
Indirects,MRO,Electrical - Cables,Volume based pricing ,Fixed pricing,Market based pricing,Indefinite delivery,Framework agreement approach,Long term contract,Yes,Low
Indirects,MRO,Electrical - Others,Volume based pricing ,Fixed pricing,Market based pricing,Indefinite delivery,Framework agreement approach,Long term contract,Yes,Low
Indirects,MRO,Electrical - Power Supply,Volume based pricing ,Fixed pricing,Market based pricing,Indefinite delivery,Framework agreement approach,Long term contract,Yes,Low
Indirects,MRO,"Engineering, Construction And Installation Services",Volume based pricing ,Fixed pricing,Market based pricing,Indefinite delivery,Framework agreement approach,Long term contract,Yes,Low
Indirects,MRO,Equipment Maintenance And Repair Services,Volume based pricing ,Fixed pricing,Market based pricing,Indefinite delivery,Framework agreement approach,Long term contract,Yes,Low
Indirects,MRO,Filters/Filter Media And Combo Bags,Volume based pricing ,Fixed pricing,Market based pricing,Indefinite delivery,Framework agreement approach,Long term contract,Yes,Low
Indirects,MRO,Gaskets / Seals,Volume based pricing ,Fixed pricing,Market based pricing,Indefinite delivery,Framework agreement approach,Long term contract,Yes,Low
Indirects,MRO,Hospitality And Food Service,Volume based pricing ,Fixed pricing,Market based pricing,Indefinite delivery,Framework agreement approach,Long term contract,Yes,Low
Indirects,MRO,HVAC And Refrigeration,Volume based pricing ,Fixed pricing,Market based pricing,Indefinite delivery,Framework agreement approach,Long term contract,Yes,Low
Indirects,MRO,Industrial Gases,Volume based pricing ,Fixed pricing,Market based pricing,Indefinite delivery,Framework agreement approach,Long term contract,Yes,Low
Indirects,MRO,Industrial Supplies,Volume based pricing ,Fixed pricing,Market based pricing,Indefinite delivery,Framework agreement approach,Long term contract,Yes,Low
Indirects,MRO,Lab Supplies,Volume based pricing ,Fixed pricing,Market based pricing,Indefinite delivery,Framework agreement approach,Long term contract,Yes,Low
Indirects,MRO,Material Handling,Volume based pricing ,Fixed pricing,Market based pricing,Indefinite delivery,Framework agreement approach,Long term contract,Yes,Low
Indirects,MRO,Motors,Volume based pricing ,Fixed pricing,Market based pricing,Indefinite delivery,Framework agreement approach,Long term contract,Yes,Low
Indirects,MRO,MRO,Volume based pricing ,Fixed pricing,Market based pricing,Indefinite delivery,Framework agreement approach,Long term contract,Yes,Low
Indirects,MRO,"MRO (Maintenance, Repairs & Overhaul) Services",Volume based pricing ,Fixed pricing,Market based pricing,Indefinite delivery,Framework agreement approach,Long term contract,Yes,Low
Indirects,MRO,"MRO (Maintenance, Repairs & Overhaul) Supplies",Volume based pricing ,Fixed pricing,Market based pricing,Indefinite delivery,Framework agreement approach,Long term contract,Yes,Low
Indirects,MRO,"Pipe, Hose, Tube & Fittings",Volume based pricing ,Fixed pricing,Market based pricing,Indefinite delivery,Framework agreement approach,Long term contract,Yes,Low
Indirects,MRO,"Pumps, Compressors & Parts",Volume based pricing ,Fixed pricing,Market based pricing,Indefinite delivery,Framework agreement approach,Long term contract,Yes,Low
Indirects,MRO,Raw Materials,Volume based pricing ,Fixed pricing,Market based pricing,Indefinite delivery,Framework agreement approach,Long term contract,Yes,Low
Indirects,MRO,"Tools (Clamps, Pliers, Wrenches, Tool Kits, Etc.)",Volume based pricing ,Fixed pricing,Market based pricing,Indefinite delivery,Framework agreement approach,Long term contract,Yes,Low
Indirects,MRO,Turbines & Parts,Volume based pricing ,Fixed pricing,Market based pricing,Indefinite delivery,Framework agreement approach,Long term contract,Yes,Low
Indirects,MRO,Valves,Volume based pricing ,Fixed pricing,Market based pricing,Indefinite delivery,Framework agreement approach,Long term contract,Yes,Low
Indirects,MRO,Z-Other MRO,Volume based pricing ,Fixed pricing,Market based pricing,Indefinite delivery,Framework agreement approach,Long term contract,Yes,Low
Indirects,MRO,Z-Other MRO Services,Volume based pricing ,Fixed pricing,Market based pricing,Indefinite delivery,Framework agreement approach,Long term contract,Yes,Low
Indirects,MRO,Z-Other MRO Supplies,Volume based pricing ,Fixed pricing,Market based pricing,Indefinite delivery,Framework agreement approach,Long term contract,Yes,Low
Indirects,Packaging,Packaging,Market based pricing,Volume based pricing ,Fixed pricing,Framework agreement approach,Short term contrct,,Yes,Low
Indirects,Packaging,Packing Supplies,Market based pricing,Volume based pricing ,Fixed pricing,Framework agreement approach,Short term contrct,,Yes,Low
Indirects,Packaging,Pallets,Market based pricing,Volume based pricing ,Fixed pricing,Framework agreement approach,Short term contrct,,Yes,Low
Indirects,Postage And Courier,Courier,Value based pricing,Cost plus model,Market based pricing,Performance based contracting,Framework agreement approach,Joint ventures / partnerships,Yes,Low
Indirects,Postage And Courier,Courier - Ground Shipments,Value based pricing,Cost plus model,Market based pricing,Performance based contracting,Framework agreement approach,Joint ventures / partnerships,Yes,Low
Indirects,Professional Services,Audit Services - External,Value based pricing,Cost plus model,Market based pricing,Performance based contracting,Framework agreement approach,Joint ventures / partnerships,Yes,Low
Indirects,Professional Services,Consulting Services - Management Consulting,Value based pricing,Cost plus model,Market based pricing,Performance based contracting,Framework agreement approach,Joint ventures / partnerships,Yes,Low
Indirects,Professional Services,Electrical Engineering Services,Value based pricing,Cost plus model,Market based pricing,Performance based contracting,Framework agreement approach,Joint ventures / partnerships,Yes,Low
Indirects,Professional Services,"Engineering,Technical Or Consulting Service",Value based pricing,Cost plus model,Market based pricing,Performance based contracting,Framework agreement approach,Joint ventures / partnerships,Yes,Low
Indirects,Professional Services,Financial Services,Value based pricing,Cost plus model,Market based pricing,Performance based contracting,Framework agreement approach,Joint ventures / partnerships,Yes,Low
Indirects,Professional Services,Inspection & Survey,Value based pricing,Cost plus model,Market based pricing,Performance based contracting,Framework agreement approach,Joint ventures / partnerships,Yes,Low
Indirects,Professional Services,Insurance Services,Value based pricing,Cost plus model,Market based pricing,Performance based contracting,Framework agreement approach,Joint ventures / partnerships,Yes,Low
Indirects,Professional Services,Legal Services,Value based pricing,Cost plus model,Market based pricing,Performance based contracting,Framework agreement approach,Joint ventures / partnerships,Yes,Low
Indirects,Professional Services,Mechanical Engineering Services,Value based pricing,Cost plus model,Market based pricing,Performance based contracting,Framework agreement approach,Joint ventures / partnerships,Yes,Low
Indirects,Professional Services,Professional Services,Value based pricing,Cost plus model,Market based pricing,Performance based contracting,Framework agreement approach,Joint ventures / partnerships,Yes,Low
Indirects,Professional Services,Research Or Testing Facilities,Value based pricing,Cost plus model,Market based pricing,Performance based contracting,Framework agreement approach,Joint ventures / partnerships,Yes,Low
Indirects,Professional Services,Technical Design Offices,Value based pricing,Cost plus model,Market based pricing,Performance based contracting,Framework agreement approach,Joint ventures / partnerships,Yes,Low
Indirects,Professional Services,"Z-Other Engineering, Technical Or Consulting Service",Value based pricing,Cost plus model,Market based pricing,Performance based contracting,Framework agreement approach,Joint ventures / partnerships,Yes,Low
Indirects,Professional Services,Z-Other Research And Development Services,Value based pricing,Cost plus model,Market based pricing,Performance based contracting,Framework agreement approach,Joint ventures / partnerships,Yes,Low
Indirects,Temporary Labor,Engineering Temp Labor,Value based pricing,Cost plus model,Market based pricing,Performance based contracting,Framework agreement approach,Joint ventures / partnerships,Yes,Low
Indirects,Utilities,Electricity,,,,,,,No,High
Indirects,Utilities,Fuel Oils,,,,,,,No,High
Indirects,Utilities,Natural Gas,,,,,,,No,High
Indirects,Utilities,Utilities,,,,,,,No,Low
Indirects,Utilities,Water,,,,,,,No,High
Indirects,Utilities,Water Treatment Services,,,,,,,Yes,Low
Indirects,Z-Other Indirects,Z-Other Indirects,,,,,,,No,Low
Non Procurable,Miscellaneous Expenses,Community And Social Services,,,,,,,No,Low
Non Procurable,Miscellaneous Expenses,Miscellaneous Expenses,,,,,,,No,Low
Non Procurable,Miscellaneous Expenses,Public Administration And Finance Services,,,,,,,No,Low
Non Procurable,Miscellaneous Expenses,Z-Other Misc Expenses,,,,,,,No,Low
Not Categorized,Not Categorized,Not Categorized,,,,,,,No,Low
Grand Total,,,,,,,,,,
Indirects,MRO,Lamps,Volume based pricing ,Fixed pricing,Market based pricing,Indefinite delivery,Framework agreement approach,Long term contract,Yes,Low
Indirects,MRO,Power Transmission,Volume based pricing ,Fixed pricing,Market based pricing,Indefinite delivery,Framework agreement approach,Long term contract,Yes,Low
Indirects,MRO,"Gaskets, Rings, Seals, Seal-Kits",Volume based pricing ,Fixed pricing,Market based pricing,Indefinite delivery,Framework agreement approach,Long term contract,Yes,Low
Indirects,MRO,Brakes,Volume based pricing ,Fixed pricing,Market based pricing,Indefinite delivery,Framework agreement approach,Long term contract,Yes,Low
Indirects,MRO,Batteries,Volume based pricing ,Fixed pricing,Market based pricing,Indefinite delivery,Framework agreement approach,Long term contract,Yes,Low
Indirects,MRO,Electric Power System,Volume based pricing ,Fixed pricing,Market based pricing,Indefinite delivery,Framework agreement approach,Long term contract,Yes,Low
Indirects,MRO,Measuring & Testing Instrument,Volume based pricing ,Fixed pricing,Market based pricing,Indefinite delivery,Framework agreement approach,Long term contract,Yes,Low
Indirects,MRO,Mobile Fleet,Volume based pricing ,Fixed pricing,Market based pricing,Indefinite delivery,Framework agreement approach,Long term contract,Yes,Low
Indirects,MRO,PPE & Safety Items,Volume based pricing ,Fixed pricing,Market based pricing,Indefinite delivery,Framework agreement approach,Long term contract,Yes,Low
Indirects,MRO,Fasteners,Volume based pricing ,Fixed pricing,Market based pricing,Indefinite delivery,Framework agreement approach,Long term contract,Yes,Low
Indirects,MRO,Chemicals,Volume based pricing ,Fixed pricing,Market based pricing,Indefinite delivery,Framework agreement approach,Long term contract,Yes,Low
Indirects,MRO,Valves,Volume based pricing ,Fixed pricing,Market based pricing,Indefinite delivery,Framework agreement approach,Long term contract,Yes,Low
Indirects,MRO,Tools,Volume based pricing ,Fixed pricing,Market based pricing,Indefinite delivery,Framework agreement approach,Long term contract,Yes,Low
Indirects,MRO,Office Supplies,Volume based pricing ,Fixed pricing,Market based pricing,Indefinite delivery,Framework agreement approach,Long term contract,Yes,Low
Indirects,MRO,Laboratory,Volume based pricing ,Fixed pricing,Market based pricing,Indefinite delivery,Framework agreement approach,Long term contract,Yes,Low
Indirects,MRO,Wires & Cables,Volume based pricing ,Fixed pricing,Market based pricing,Indefinite delivery,Framework agreement approach,Long term contract,Yes,Low
Indirects,MRO,Controlling Instruments,Volume based pricing ,Fixed pricing,Market based pricing,Indefinite delivery,Framework agreement approach,Long term contract,Yes,Low
Indirects,MRO,Casting & Furnace Equipment,Volume based pricing ,Fixed pricing,Market based pricing,Indefinite delivery,Framework agreement approach,Long term contract,Yes,Low
Indirects,MRO,Fans & blowers,Volume based pricing ,Fixed pricing,Market based pricing,Indefinite delivery,Framework agreement approach,Long term contract,Yes,Low
Indirects,MRO,Insulators,Volume based pricing ,Fixed pricing,Market based pricing,Indefinite delivery,Framework agreement approach,Long term contract,Yes,Low
Indirects,MRO,"Oils, Lubricants & Greases",Volume based pricing ,Fixed pricing,Market based pricing,Indefinite delivery,Framework agreement approach,Long term contract,Yes,Low
Indirects,MRO,Building Material,Volume based pricing ,Fixed pricing,Market based pricing,Indefinite delivery,Framework agreement approach,Long term contract,Yes,Low
Indirects,MRO,Bellows,Volume based pricing ,Fixed pricing,Market based pricing,Indefinite delivery,Framework agreement approach,Long term contract,Yes,Low
Indirects,MRO,Bushes,Volume based pricing ,Fixed pricing,Market based pricing,Indefinite delivery,Framework agreement approach,Long term contract,Yes,Low
Indirects,MRO,Power Generation Equipment,Volume based pricing ,Fixed pricing,Market based pricing,Indefinite delivery,Framework agreement approach,Long term contract,Yes,Low
Indirects,MRO,Material Handling,Volume based pricing ,Fixed pricing,Market based pricing,Indefinite delivery,Framework agreement approach,Long term contract,Yes,Low
Indirects,MRO,Compressors,Volume based pricing ,Fixed pricing,Market based pricing,Indefinite delivery,Framework agreement approach,Long term contract,Yes,Low
Indirects,MRO,Conveyor,Volume based pricing ,Fixed pricing,Market based pricing,Indefinite delivery,Framework agreement approach,Long term contract,Yes,Low
Indirects,MRO,"Paints, Primers & Finishes",Volume based pricing ,Fixed pricing,Market based pricing,Indefinite delivery,Framework agreement approach,Long term contract,Yes,Low
Indirects,MRO,Welding & Soldering,Volume based pricing ,Fixed pricing,Market based pricing,Indefinite delivery,Framework agreement approach,Long term contract,Yes,Low
Indirects,MRO,Storage & Container Items,Volume based pricing ,Fixed pricing,Market based pricing,Indefinite delivery,Framework agreement approach,Long term contract,Yes,Low
Indirects,MRO,Pot Cut-out Spares,Volume based pricing ,Fixed pricing,Market based pricing,Indefinite delivery,Framework agreement approach,Long term contract,Yes,Low
Indirects,MRO,Motors & Drives,Volume based pricing ,Fixed pricing,Market based pricing,Indefinite delivery,Framework agreement approach,Long term contract,Yes,Low
Indirects,MRO,Filters,Volume based pricing ,Fixed pricing,Market based pricing,Indefinite delivery,Framework agreement approach,Long term contract,Yes,Low
Indirects,MRO,Electronic & Communication Systems,Volume based pricing ,Fixed pricing,Market based pricing,Indefinite delivery,Framework agreement approach,Long term contract,Yes,Low
Indirects,MRO,Heating Equipment,Volume based pricing ,Fixed pricing,Market based pricing,Indefinite delivery,Framework agreement approach,Long term contract,Yes,Low
Indirects,MRO,Cranes,Volume based pricing ,Fixed pricing,Market based pricing,Indefinite delivery,Framework agreement approach,Long term contract,Yes,Low
Indirects,MRO,Laboratory & Scientific,Volume based pricing ,Fixed pricing,Market based pricing,Indefinite delivery,Framework agreement approach,Long term contract,Yes,Low
Indirects,MRO,Fabricated Items,Volume based pricing ,Fixed pricing,Market based pricing,Indefinite delivery,Framework agreement approach,Long term contract,Yes,Low
Indirects,MRO,"Structural Materials, Sheets, Pipes & Fittings",Volume based pricing ,Fixed pricing,Market based pricing,Indefinite delivery,Framework agreement approach,Long term contract,Yes,Low
Indirects,MRO,Engine,Volume based pricing ,Fixed pricing,Market based pricing,Indefinite delivery,Framework agreement approach,Long term contract,Yes,Low
Indirects,MRO,Rodding Equipment,Volume based pricing ,Fixed pricing,Market based pricing,Indefinite delivery,Framework agreement approach,Long term contract,Yes,Low
Indirects,MRO,Grinding Balls (Still),Volume based pricing ,Fixed pricing,Market based pricing,Indefinite delivery,Framework agreement approach,Long term contract,Yes,Low
Indirects,MRO,Hoses & Fittings,Volume based pricing ,Fixed pricing,Market based pricing,Indefinite delivery,Framework agreement approach,Long term contract,Yes,Low
Indirects,MRO,Wheel,Volume based pricing ,Fixed pricing,Market based pricing,Indefinite delivery,Framework agreement approach,Long term contract,Yes,Low
Indirects,MRO,Labelling,Volume based pricing ,Fixed pricing,Market based pricing,Indefinite delivery,Framework agreement approach,Long term contract,Yes,Low
Indirects,MRO,Pumps,Volume based pricing ,Fixed pricing,Market based pricing,Indefinite delivery,Framework agreement approach,Long term contract,Yes,Low
Indirects,MRO,Hydraulics,Volume based pricing ,Fixed pricing,Market based pricing,Indefinite delivery,Framework agreement approach,Long term contract,Yes,Low
Indirects,MRO,Spring,Volume based pricing ,Fixed pricing,Market based pricing,Indefinite delivery,Framework agreement approach,Long term contract,Yes,Low
Indirects,MRO,Adhesives,Volume based pricing ,Fixed pricing,Market based pricing,Indefinite delivery,Framework agreement approach,Long term contract,Yes,Low
Indirects,MRO,Bearings,Volume based pricing ,Fixed pricing,Market based pricing,Indefinite delivery,Framework agreement approach,Long term contract,Yes,Low
Indirects,MRO,Cylinders,Volume based pricing ,Fixed pricing,Market based pricing,Indefinite delivery,Framework agreement approach,Long term contract,Yes,Low
Indirects,MRO,Abrasives,Volume based pricing ,Fixed pricing,Market based pricing,Indefinite delivery,Framework agreement approach,Long term contract,Yes,Low
Indirects,MRO,Transformer & Distribution Equipment,Volume based pricing ,Fixed pricing,Market based pricing,Indefinite delivery,Framework agreement approach,Long term contract,Yes,Low
Indirects,MRO,Furniture & Fixtures,Volume based pricing ,Fixed pricing,Market based pricing,Indefinite delivery,Framework agreement approach,Long term contract,Yes,Low
Indirects,MRO,Industrial Gas,Volume based pricing ,Fixed pricing,Market based pricing,Indefinite delivery,Framework agreement approach,Long term contract,Yes,Low
Indirects,MRO,Casting Process Consumables,Volume based pricing ,Fixed pricing,Market based pricing,Indefinite delivery,Framework agreement approach,Long term contract,Yes,Low
Indirects,MRO,Wooden Runners,Volume based pricing ,Fixed pricing,Market based pricing,Indefinite delivery,Framework agreement approach,Long term contract,Yes,Low
Indirects,MRO,Agitator & Spares,Volume based pricing ,Fixed pricing,Market based pricing,Indefinite delivery,Framework agreement approach,Long term contract,Yes,Low
Indirects,MRO,Steel Straps,Volume based pricing ,Fixed pricing,Market based pricing,Indefinite delivery,Framework agreement approach,Long term contract,Yes,Low
Indirects,MRO,Plastic Straps,Volume based pricing ,Fixed pricing,Market based pricing,Indefinite delivery,Framework agreement approach,Long term contract,Yes,Low
Indirects,MRO,Anode Slot Cutting M/C,Volume based pricing ,Fixed pricing,Market based pricing,Indefinite delivery,Framework agreement approach,Long term contract,Yes,Low
Indirects,MRO,Rodding Process Consumables,Volume based pricing ,Fixed pricing,Market based pricing,Indefinite delivery,Framework agreement approach,Long term contract,Yes,Low
Indirects,MRO,Water Cooling System Spares,Volume based pricing ,Fixed pricing,Market based pricing,Indefinite delivery,Framework agreement approach,Long term contract,Yes,Low
Indirects,MRO,HVAC,Volume based pricing ,Fixed pricing,Market based pricing,Indefinite delivery,Framework agreement approach,Long term contract,Yes,Low
Indirects,MRO,GreenMill Equipment,Volume based pricing ,Fixed pricing,Market based pricing,Indefinite delivery,Framework agreement approach,Long term contract,Yes,Low
Indirects,MRO,Conveying Pipe,Volume based pricing ,Fixed pricing,Market based pricing,Indefinite delivery,Framework agreement approach,Long term contract,Yes,Low
Indirects,Logistics,CIBC,Fixed pricing,Market based pricing,Unit price,Framework agreement approach,Performance based contracting,Long term contract,Yes,Low
Indirects,MRO,Valves,Volume based pricing ,Fixed pricing,Market based pricing,Indefinite delivery,Framework agreement approach,Long term contract,Yes,Low
